"Municipalities","1995","1996","1997","1998","1999","2000","2001","2002","2003","2004","2005","2006","2007","2008","2009","2010","2011","2012","2013","2014","2015","2016","2017","2018"
"Albertslund",0.466160808465753,0.564933063991509,0.49249371645948,0.499812995137874,0.457103871738018,0.3579830213767,0.404095750145543,0.408513559903879,0.506258885536947,0.45617236297284,0.419242521139771,0.445194413528166,0.52883222254419,0.514455474240997,0.443947159460045,0.360620266858998,0.449640287769784,0.384008039046799,0.380966072455434,0.339007501442585,0.424368841257283,0.3012912482066,0.229423573272154,0.230688822405652
"Allerød",0.315876213147775,0.297847375784106,0.28988092583508,0.291249282908963,0.226965213216359,0.244083162620407,0.229645998526799,0.22973558734287,0.196799863095747,0.209178228388474,0.247250404979112,0.174482934717848,0.220254987504765,0.183033243945005,0.193106922463373,0.186807256424094,0.228253652058433,0.22459759597388,0.22016366884061,0.140641158221303,0.14747449920118,0.117256994986253,0.112260444230615,0.186249256984347
"Assens",0.219970341077607,0.221691257974727,0.191481526942433,0.179347959609857,0.21824423737126,0.159044752746581,0.146145414687614,0.164944452529957,0.162854573296711,0.177576686370381,0.131064779981068,0.20546786240905,0.181748612971112,0.192609502068769,0.199392328142803,0.1902316069815,0.156118650174132,0.195449171150737,0.186327888687235,0.182761897799547,0.207084734200653,0.213467882786726,0.181203189176129,0.183894696089818
"Ballerup",0.399065173295705,0.366365040829839,0.432564330079858,0.393144270695291,0.355518261714437,0.308934836816206,0.371795993351413,0.379785076172802,0.394031393320845,0.351855824930273,0.333625612181612,0.387962446949886,0.400733256597178,0.348077086340097,0.379762859192371,0.367245865860824,0.350511162111412,0.370879693294995,0.350542407334426,0.298882796718473,0.272981077448041,0.223954877239549,0.190748688602766,0.233978672740449
"Billund",0.249561317995711,0.232711476554319,0.216024379894302,0.218265364732912,0.195612150966554,0.184381362117313,0.215119852489244,0.180678891323569,0.219053841128319,0.17595532264851,0.245436416628317,0.229594765239353,0.183675812191482,0.229173828348803,0.190585096245474,0.194954128440367,0.172051233033837,0.163996948893974,0.201085100732253,0.170985637206475,0.216853718851056,0.204282363622607,0.222801253729089,0.162374443017899
"Bornholm",0.272181692434688,0.252906202857396,0.240406019054403,0.203634085213033,0.191329401701706,0.14919300149193,0.193076503725241,0.199587217345944,0.227500227500228,0.2060769812012,0.191478072300275,0.194242108914325,0.216078066914498,0.179835112221781,0.220849094283768,0.201641599848176,0.20812401320511,0.22516524223422,0.230873142576446,0.161631232127316,0.178266546148438,0.173558708119529,0.110845194608893,0.0656035526846992
"Brøndby",0.396080883885762,0.459462603233686,0.435312554414069,0.413271245634459,0.444883835887296,0.378412994120044,0.411618064815352,0.373458398471426,0.377782904602607,0.417771119050363,0.402746791064237,0.356235582678775,0.406516039708958,0.351748396441134,0.423553107043422,0.432016570498594,0.382116927779901,0.413683839924891,0.344928383513593,0.399074609600925,0.399429386590585,0.251967612252987,0.196662358824521,0.18853058697732
"Brønderslev",0.235761965629882,0.247948016415869,0.230591852421214,0.175931443489118,0.235668247252903,0.218445913359244,0.172824116047144,0.226007853772919,0.191452221408863,0.188689872704743,0.22083805209513,0.184068190184918,0.180561433206376,0.21393384940183,0.204127285945976,0.220645737906379,0.212355751767303,0.209766739385803,0.171348314606742,0.213321357397479,0.240351024286633,0.235803256859101,0.16607617360496,0.223208134696464
"Dragør",0.31239987183595,0.335490055116223,0.306483300589391,0.242604476443888,0.281491907107671,0.219556182858935,0.224597273853779,0.267686424474187,0.199570156585815,0.214132762312634,0.258437214958954,0.220465257716284,0.242718446601942,0.271472739612397,0.298262620237119,0.191683869065173,0.247867609535613,0.314052001168566,0.201192785801538,0.228947556700293,0.185343598517251,0.240418611228963,0.10498320268757,0.147141255605381
"Egedal",0.332585017044982,0.327291729695536,0.265813171313877,0.24133215348725,0.277444311057756,0.294172210001855,0.242315695208997,0.243608549874267,0.220985856905158,0.251393028378904,0.239386762421372,0.275357965354961,0.274608682627256,0.251646806305973,0.287587433891448,0.214390672801291,0.237900706493007,0.263025752612324,0.207054119663002,0.23454157782516,0.183214713550842,0.198723493792813,0.146232765424075,0.181395348837209
"Esbjerg",0.322040111012201,0.263187610204383,0.2807816683473,0.268261767923185,0.254084428873704,0.26463978620576,0.2311716753863,0.246494207821618,0.259737995833733,0.261330871015793,0.231796158806511,0.272689134386799,0.244419525528262,0.262595847484332,0.26266416510319,0.269298260854457,0.281289067926101,0.26495934394329,0.266838184805,0.304965463312915,0.290178958127609,0.22635380308947,0.26573486907381,0.248207391064534
"Favrskov",0.256191289496157,0.261285024635445,0.263339240007876,0.238826339133402,0.208368667167398,0.201000215357374,0.238061229348188,0.188381566863682,0.224535142088645,0.159903594354708,0.210613067167254,0.153783527070424,0.164309345649133,0.171037628278221,0.190278498529666,0.197726149283243,0.170597517806116,0.171912473205,0.169649673424379,0.171744799949113,0.204111693285357,0.1783653341727,0.179484503808828,0.167802614406165
"Faxe",0.315262409593868,0.307031010132023,0.258764093401516,0.255801205919971,0.271583330818673,0.265460030165913,0.241236560740983,0.261267145656434,0.292622369354457,0.260081823495032,0.314749511846822,0.291393785522634,0.299000484096022,0.271048619346095,0.352698851612539,0.334220812326517,0.303313773846982,0.281970948447736,0.330267915610853,0.270508841367921,0.295496519391959,0.202167686864716,0.289564539481011,0.218600403995683
"Fredensborg",0.433946575200083,0.402691538281676,0.368016058882569,0.38713978053533,0.322737634794191,0.346744174187956,0.330351697499492,0.323007274022076,0.341772151898734,0.276551479169838,0.341950136524868,0.278551532033426,0.284965524260235,0.387359836901121,0.318438885209151,0.326314179370825,0.299941536819095,0.313408315430305,0.316760427753282,0.315776177845143,0.294176807804486,0.289190267251695,0.249358088090065,0.262389955614409
"Fredericia",0.304015987414163,0.302581464240372,0.264616935483871,0.307293517570082,0.239848165682942,0.299588066408688,0.282064045130247,0.294924412729185,0.286403065955123,0.296784493521911,0.240096038415366,0.274100544140339,0.324807145757207,0.301235266765057,0.293821694505937,0.333005677144978,0.339294267922721,0.348654194808041,0.367252947949339,0.296081392576107,0.291498939102501,0.309731894493874,0.290949123220885,0.286404551299536
"Frederiksberg",0.493170609758869,0.47641036614896,0.479659307407822,0.455830270258192,0.447759539827324,0.4140511696392,0.398568228732048,0.384354262937737,0.407940066714059,0.413209624840549,0.414644233071415,0.362527897229329,0.401153587614112,0.425923547793331,0.384093276789191,0.388759072768254,0.381648478467737,0.35224267824178,0.325397681051466,0.315429773065802,0.313008760369021,0.32254668312899,0.249435913059208,0.314146154582894
"Frederikshavn",0.213894077242875,0.231655585306417,0.220607122890256,0.208916811747786,0.183753739616395,0.228140351944516,0.19394050455073,0.230797636632201,0.204002781856116,0.210250899406625,0.184955877051364,0.145837296303342,0.201981646707063,0.19441921244283,0.209516193522591,0.220942796781009,0.209497206703911,0.235455704895517,0.190867955573838,0.206755102715935,0.230220116931944,0.205822793214487,0.19882033269269,0.206185567010309
"Frederikssund",0.353710111495579,0.253800664957742,0.271828043593164,0.255338323278344,0.318904353415243,0.318066157760814,0.360260161029038,0.237176876452409,0.341313107371415,0.279973649538867,0.301141536522165,0.274851122308749,0.3165565930312,0.342388100312911,0.311892600461059,0.362138427413879,0.313720179655585,0.317961438719134,0.241181111236335,0.283777392401072,0.23641726521514,0.196757965343767,0.197619682032152,0.221292792493748
"Furesø",0.363657025967384,0.348570295009494,0.357575245657009,0.300668151447661,0.311483543745521,0.28088355604036,0.309715279287112,0.290174373303958,0.29206555249067,0.277807746250944,0.268017474739353,0.267594327000268,0.260472039123963,0.278758595056681,0.301077540671878,0.292948315547186,0.25074439742987,0.269330334963261,0.211842242912439,0.181855970071703,0.181692555723315,0.191752166550453,0.206830325265309,0.229767055315196
"Faaborg-Midtfyn",0.309841921414616,0.243998425816608,0.189296841108964,0.163479151484115,0.202648198791981,0.120166262829226,0.0769625448948179,0.16360160053614,0.176928520877565,0.225423894932863,0.172063194118567,0.177928984827155,0.191815856777494,0.227141482194418,0.214938205265986,0.241912258807718,0.173323575857952,0.199477098867048,0.192573284833395,0.229061435451662,0.208034855651286,0.191271762042314,0.208268452195578,0.143588947531822
"Gentofte",0.314247910025862,0.382274458069739,0.382169408533126,0.35013797810154,0.321966060641864,0.334034757272981,0.333362704496725,0.347441103601953,0.333752964253301,0.314392175128086,0.324680030728646,0.329335645483293,0.2737651444548,0.322145313656349,0.318078917958564,0.305410122164049,0.308168558440472,0.26505891724119,0.298527808069793,0.22885759672599,0.229541450915497,0.19907100199071,0.176769342391663,0.217669485376568
"Gladsaxe",0.353598722482035,0.403337290809439,0.335182804796694,0.417133304117771,0.364177848275416,0.332972343899009,0.371591055964844,0.352101301805731,0.327387672160759,0.282289935960512,0.332220555743706,0.336923949137442,0.32771006538058,0.401202007608452,0.340012335331235,0.352563102555302,0.338716878877923,0.369048895150299,0.328638497652582,0.310549687950072,0.261333095757792,0.24442677503902,0.238458742275536,0.292153589315526
"Glostrup",0.434289098356611,0.376591843813488,0.371691941718704,0.333267011539992,0.303452392796737,0.311434079786445,0.261366998717822,0.318440133254948,0.359467599339357,0.331842446977348,0.418571084917007,0.309193680854148,0.339509166747502,0.416001547912736,0.414127951256664,0.375657400450789,0.434904601571268,0.360277136258661,0.420686816955508,0.367080576452461,0.353356890459364,0.293842660611727,0.190873579545455,0.255923752371707
"Greve",0.30763314747164,0.363961432858694,0.389187359871399,0.347478150995051,0.348512523356638,0.305062788608203,0.351841442341723,0.302415178756369,0.296514400646941,0.285589210147798,0.316754420926769,0.300200133422282,0.318845443866421,0.290959328490989,0.291964713978853,0.30318236942249,0.254283213139356,0.296191231070877,0.308461859107962,0.26821914959975,0.217057438312686,0.23829718486207,0.224354480078524,0.254132148717333
"Gribskov",0.307509710832974,0.408997955010225,0.351318756226732,0.364793542378143,0.331725739365638,0.321354790991864,0.343101125879991,0.327596199884081,0.259196490878277,0.235183443085607,0.244994926872726,0.277502477700694,0.267267192952065,0.286334913112164,0.297831491372732,0.28751167248243,0.2997542997543,0.275841686574884,0.324683310785881,0.264848692922654,0.220291274017868,0.216508137300216,0.186834251328464,0.249896887206735
"Guldborgsund",0.268829957145342,0.277790930757454,0.276509346015895,0.225908372827804,0.262946576183653,0.24878363696484,0.225001966800409,0.266399222741091,0.239432872724996,0.25717018707563,0.254985598035667,0.291563568738081,0.264400377714825,0.261433791104951,0.281596557561184,0.311546286876907,0.3035968234185,0.272963674834041,0.25439483382799,0.275378235284476,0.28933567870588,0.239426687876154,0.212220644171278,0.222153253075026
"Haderslev",0.237682506210126,0.253375385378646,0.282455954524591,0.239238658152585,0.232652413768793,0.202732481269282,0.252360363540104,0.205295200339799,0.196839921264032,0.18628912071535,0.186325484002626,0.200978212538906,0.190137716570413,0.237529691211401,0.21589863382176,0.212969864764136,0.224530890817399,0.233145867445006,0.247988439100105,0.234321897470754,0.205768680217578,0.207035642256688,0.217682219644928,0.19477154548541
"Halsnæs",0.439856691852009,0.336913034323015,0.253068016362754,0.319335233320743,0.408659529197203,0.348172937159855,0.316147042007197,0.340624478210052,0.250133404482391,0.302436106218219,0.356989389482035,0.357224789434012,0.376647834274953,0.369841681806385,0.435301325250701,0.382919844257811,0.363858835651726,0.345384118786314,0.340875888712138,0.290403628413874,0.318844351900052,0.305967986086508,0.266350041717476,0.272715605749487
"Hedensted",0.183714001986097,0.201444504495652,0.177602608082135,0.14475271411339,0.183709500405592,0.187594984802432,0.155634682953286,0.150234741784038,0.184588064862844,0.21548228642925,0.165137614678899,0.176402741027207,0.160384923817161,0.21948596387261,0.193671932802368,0.202253055543474,0.171813832100913,0.232462143431315,0.194035057120433,0.185934594771957,0.18224816124623,0.166645024455698,0.167655403662626,0.139437103140553
"Hele landet",0.337698119393627,0.347444075006327,0.325344306294546,0.313404077463727,0.305468700891357,0.29797815014519,0.290571702582299,0.282717937025264,0.292714478184152,0.285074364446463,0.285217600849481,0.28253110578297,0.291151680313656,0.306792105842272,0.30622233552366,0.303705554673233,0.293371104286027,0.295802479135505,0.291260957537801,0.279306824330988,0.276732164539552,0.252770204444943,0.246699639970212,0.245800674507495
"Helsingør",0.457303667223639,0.456279061667334,0.500843344463185,0.427998976894876,0.436607324172477,0.411820076648961,0.402454640701136,0.376573184025369,0.359920091135729,0.370935709947971,0.363814340484542,0.329312031300946,0.324526322690618,0.427322332522517,0.417669893371333,0.425232651325581,0.418785034545692,0.417933748556746,0.384659081687306,0.398250946861945,0.35371235721703,0.339818334084906,0.288262895760934,0.306288485467249
"Herlev",0.375524629997791,0.393208878435984,0.403151914971596,0.377718288166049,0.427787934186472,0.449479261830806,0.400626434060531,0.352752927485635,0.362398418625082,0.311674977999413,0.316572185820511,0.318247418865411,0.373929626444303,0.432867843565325,0.364182466679182,0.402922126826329,0.304545625446479,0.304419723391461,0.363528451665554,0.33566736446979,0.277106721614324,0.334236357879182,0.225304513131029,0.276494470110598
"Herning",0.23046899200793,0.201011222098902,0.219915987150976,0.197173031658595,0.187249769017555,0.173161236444914,0.198279132957174,0.204449204108455,0.193986420950533,0.163122281295312,0.188099113763791,0.16080643225729,0.179430129907414,0.182880486414592,0.201837661499466,0.192874175901248,0.178213670036808,0.208458794644925,0.192851781280674,0.206121461965408,0.216430281819856,0.182662998184786,0.203652162107121,0.181443206022562
"Hillerød",0.323884667835574,0.307951401419463,0.34824795254221,0.323316850513503,0.331226949188377,0.304360958156177,0.334624464257065,0.284090909090909,0.342139846830108,0.302073940486925,0.304659498207885,0.278154978317053,0.258877335289295,0.356467960831472,0.316475860750621,0.278052787900491,0.281743050338092,0.267618198037467,0.327020594018421,0.258753465448198,0.209741793597784,0.187228217104204,0.233490989642579,0.266535044422507
"Hjørring",0.243880939088532,0.285492584513125,0.254166727530347,0.244723156928724,0.23309004559824,0.239489478526264,0.232561541049306,0.215148188803513,0.229337567257652,0.204718842970338,0.163678188038221,0.168938944872555,0.199648380464257,0.214537924047615,0.177341957020655,0.212565303953415,0.192559385013464,0.203995285442292,0.218954794957958,0.226282394312361,0.205222451948848,0.233905612205898,0.231215643039797,0.220665982193481
"Holbæk",0.333763302160593,0.344761539934878,0.31400927682229,0.31031316297774,0.284841999244618,0.351721873974145,0.267670951476859,0.237196765498652,0.279393578527916,0.307408080440972,0.298749455795589,0.350482838171574,0.341850374720603,0.318794377626431,0.313542745368772,0.303378864126528,0.323643215718991,0.335662320824029,0.307523497393991,0.289787875275298,0.307090606214239,0.284399474075344,0.291754756871036,0.243720327402336
"Holstebro",0.244171103359648,0.209651249703754,0.241624881912652,0.204085318499521,0.198910472367572,0.188310407288509,0.178549109932687,0.133437711276376,0.17580934453304,0.1816724552498,0.186819443455982,0.210761219935532,0.16613057155986,0.222728867064188,0.183351668500183,0.177019068984857,0.185441122443624,0.209962731615138,0.204352534320746,0.1866127175695,0.193063624030334,0.164756074296318,0.221935483870968,0.193433530761067
"Horsens",0.301863801268382,0.270207250332616,0.270917853350396,0.286299678421688,0.273405248839381,0.269313116895358,0.256827441541502,0.270284735602655,0.256107432423466,0.280381213142376,0.279169275725318,0.258069486172098,0.216400911161731,0.26591096352151,0.27707962974315,0.280634967116903,0.258344902517052,0.337328644225938,0.293386433528532,0.302351100838178,0.284850800708653,0.276967265432662,0.241491632034146,0.237728520725909
"Hvidovre",0.419106317411402,0.447363020726452,0.417625847984191,0.465705298419053,0.408777531471803,0.338948650294297,0.347797953653901,0.408664492491042,0.423448192819443,0.418401665598975,0.413131981629665,0.369760057875487,0.430982153696734,0.433373835560956,0.433496738646032,0.376075939184297,0.443281883348975,0.440711462450593,0.383708926588886,0.391574399135836,0.378006872852234,0.35017319376881,0.27188278830904,0.157651739799557
"Høje-Taastrup",0.430226144511859,0.434485344390287,0.435892920042268,0.399806686876675,0.376824221302548,0.309045007399669,0.407478427612656,0.341698043397828,0.38685142282642,0.377557292123979,0.351239215858451,0.406424973517522,0.325600325600326,0.349887611858009,0.350210970464135,0.379741524001343,0.345528029652587,0.363969135417317,0.363103711497597,0.35650623885918,0.333130205159456,0.302241793434748,0.199020817577519,0.181832555933275
"Hørsholm",0.286606493562048,0.326714188730482,0.306578667234405,0.239459505687163,0.259917337764711,0.325608930987821,0.295495799738275,0.266245111906149,0.181758096497026,0.288707415656191,0.27169438498271,0.25085331249743,0.263028111129377,0.231433648799438,0.234471410941999,0.201000902453031,0.28670899037477,0.299610096449826,0.236319928289125,0.246873608806508,0.205181847441262,0.168235529741638,0.212195219602034,0.167812050503436
"Ikast-Brande",0.25651092788902,0.235568211234792,0.204139641851211,0.185993645217122,0.190785572485627,0.201015385408345,0.18578727357176,0.184961594779973,0.212010523895885,0.211475743986955,0.215894948058215,0.194798623760372,0.163806355686601,0.180482791467175,0.201612903225806,0.215816630283786,0.204579625841118,0.196763244625904,0.182860531778195,0.22166395744052,0.184738164441598,0.203441345163979,0.195212415509626,0.199072612949431
"Ishøj",0.450728282013569,0.560516815504465,0.484767834228411,0.443396226415094,0.351861537730018,0.428102554345241,0.458387050565822,0.41930719016534,0.485182894924606,0.525301204819277,0.469324559705825,0.48030739673391,0.516533912623703,0.488229322763088,0.501059934476778,0.451324856837814,0.418329566764437,0.502679375918813,0.416449765747007,0.413050540678517,0.304199772985244,0.308614366222381,0.259694528808486,0.2392552636158
"Jammerbugt",0.218254489994478,0.227569971226785,0.266165648974479,0.265189922782934,0.204636705090014,0.20891364902507,0.233957219251337,0.239148323390249,0.179579271421242,0.189914025407417,0.192881390803415,0.20928069450186,0.170160105189883,0.174551428498088,0.207745575788664,0.213219616204691,0.206542224976119,0.178705550231799,0.186542995569604,0.221636984694011,0.182801034131565,0.179379192013726,0.194396205386071,0.217402557068171
"Kalundborg",0.286163048389526,0.30514666380144,0.270822138635142,0.297893315616896,0.249153516897719,0.274188063254549,0.298836445329886,0.232924142272584,0.273064576645683,0.277852655151679,0.301866644762511,0.271739130434783,0.251129068189643,0.319642964839274,0.311614161355823,0.292296762407389,0.305573663624511,0.304326369468663,0.285749782581687,0.301914884817404,0.286781241618354,0.287710645293876,0.250328299409061,0.216406026703687
"Kerteminde",0.246393692321477,0.25343470721622,0.222449615162166,0.180967514124294,0.157301406973696,0.170640997593524,0.165217391304348,0.165145588874402,0.204117085034309,0.221095070880479,0.169043387802869,0.163518223675718,0.24655670804285,0.186203977994075,0.240050536955148,0.222970130416491,0.202037208519236,0.256377926280839,0.222810778996931,0.177477287132897,0.172791638570465,0.196817420435511,0.185076133591318,0.151540663411349
"Kolding",0.258381883454864,0.246232640598838,0.26183749025721,0.266160155824673,0.255458620523449,0.237418612180294,0.134741963178479,0.160923892464975,0.231843805533653,0.254203689451713,0.268305147742055,0.225454377283448,0.22710849592237,0.290495665348994,0.260960923643512,0.257098269919502,0.252213877368008,0.281841363575359,0.272455223547278,0.260919769946484,0.263233253298676,0.257374993183925,0.239483322858196,0.261579203372426
"København",0.598557182261829,0.700575352752275,0.649012318621836,0.610694531824768,0.595419909505948,0.547913148906897,0.541122072010706,0.512855347620827,0.529638828211496,0.512893091790521,0.527707111604779,0.500041902952761,0.520946041187296,0.544265986219774,0.535314149957383,0.513055462999425,0.481148826226689,0.466077770694836,0.456527956527957,0.436479579743555,0.442618203880148,0.368566361387771,0.357853608661518,0.378125774513768
"Køge",0.292306493101567,0.387191698609982,0.32810931830464,0.365230094959825,0.28185757564137,0.284514034752721,0.298122021153371,0.315979536563346,0.2812703734749,0.30286241920591,0.282197866220005,0.314081625327542,0.31262211801485,0.353126048342956,0.3254292147481,0.311597374179431,0.370169894012677,0.347252517144502,0.337539595991068,0.320348100181588,0.325546090916758,0.290639406694728,0.279492255735414,0.289946318510173
"Langeland",0.273424474824942,0.184647850171459,0.14058106841612,0.120992135511192,0.183050847457627,0.0955892393827666,0.116734189384055,0.124601965942129,0.104268038370638,0.174837401216868,0.126555578991774,0.155807365439093,0.215254358900768,0.211047230914781,0.25805500258055,0.192450037009622,0.187659510583996,0.175652970826333,0.186610683461628,0.220559275305238,0.173954297461849,0.199250816928349,0.174908570519955,0.166126097618859
"Lejre",0.208263912029324,0.245240668384737,0.26051358392259,0.17478253800504,0.242522231204527,0.24024024024024,0.238597049349823,0.236789139271479,0.198931232203456,0.237197184741611,0.231026914635555,0.210469921934793,0.246576381776109,0.266887193173702,0.25393980132945,0.238859446144659,0.209236287550441,0.193402015844088,0.178432028549125,0.188965874986105,0.220815545414397,0.183036204561262,0.233559594190205,0.181527737438281
"Lemvig",0.161798871556588,0.157526012519173,0.17906221370867,0.175511909736732,0.1880249028538,0.176004693458492,0.143151867289798,0.119438638399522,0.137268359643102,0.160027680463648,0.131810193321617,0.0845082951563403,0.139407294149391,0.126886300811166,0.159482365806981,0.119320789352914,0.190219912777211,0.0982042648709315,0.155491683550865,0.0764343381264033,0.169434090138936,0.132359429383793,0.128135626632497,0.129141210947201
"Lolland",0.273134701571486,0.271346919923792,0.294236427623608,0.33909471399783,0.266962859035816,0.265733992457844,0.270922904764709,0.258591760595353,0.290345033310132,0.232250830897369,0.254704966746852,0.285906835215553,0.318707077353292,0.360853605425247,0.311996147161673,0.289460241784437,0.312289909132311,0.360292654892686,0.344315419929787,0.218250321632053,0.302156935663816,0.236877902340635,0.210476528319735,0.185793911676433
"Lyngby-Taarbæk",0.29246843357941,0.334937825912555,0.341832780173699,0.282891067017292,0.299163925981694,0.306269635835523,0.275303325270879,0.254393174435443,0.268775319414148,0.291222552274448,0.2712600027126,0.238884179702551,0.255067534926861,0.258508425819744,0.291081269890553,0.285238432528667,0.257800356371081,0.255394264896434,0.267459138187221,0.213876136216974,0.175252838730877,0.176053142639345,0.195510499637944,0.171257571387367
"Mariagerfjord",0.214122221948758,0.238651860510423,0.232209375453534,0.22179898261771,0.250198474751606,0.268855922031783,0.249048109389593,0.238845896627496,0.230633886537638,0.197798007721272,0.207108339086343,0.192650731359258,0.217555807794173,0.213279583753252,0.222159861559328,0.279316496103652,0.223151367095744,0.254542883405218,0.237467645033364,0.251823343548809,0.199363934114967,0.204125228454107,0.187800123615271,0.199406528189911
"Middelfart",0.291734197730956,0.243423175059389,0.171756280748741,0.242662352669286,0.198247378250251,0.217304283181792,0.204737395854068,0.214871359909528,0.207941102087841,0.167789927011382,0.215988702129427,0.181234039047697,0.217562753256642,0.17438428931695,0.183388704318937,0.223042404609543,0.190976366674624,0.202063171328299,0.258508115022786,0.214939631152979,0.229812187970521,0.258486534961623,0.212637492452682,0.167495420047108
"Morsø",0.194451646357272,0.177235983227424,0.260552371026576,0.195126181597433,0.195363375879135,0.191395884988473,0.16662281855652,0.176475778699374,0.242589978828511,0.167874182717795,0.137906490502247,0.134330363139748,0.198233916020905,0.181069213706939,0.235315413159562,0.21527046214446,0.175925925925926,0.167644593461861,0.141582896786068,0.180926534304623,0.211375864719447,0.121188617965001,0.232276796515848,0.243735985180852
"Norddjurs",0.315159155373464,0.274853497899704,0.244788579968564,0.195654412521882,0.265211010119216,0.242392986075297,0.245808321258539,0.223579877810997,0.224707357859532,0.255721107428959,0.258837063375863,0.205814922884535,0.200871311924452,0.233275446463285,0.273508726230789,0.27786515675789,0.220884062163086,0.248178265920372,0.249769948731432,0.21094264996704,0.22956356535965,0.222839765100671,0.228352450195543,0.2696546849229
"Nordfyns",0.211818769297049,0.245901639344262,0.251505490612823,0.191720514095008,0.184312196505157,0.215814611710596,0.210911136107987,0.17230466277516,0.137217648300612,0.178665265370468,0.184958994939801,0.152375675301288,0.205514642918308,0.230743128605361,0.212471754746889,0.256427559214522,0.227064764293219,0.204568700988749,0.2087325485902,0.230509874079681,0.254908715122287,0.197965731449246,0.193574679073558,0.203279577178479
"Nyborg",0.228195577032786,0.231007854267045,0.128428886620344,0.141396205320443,0.249827421846751,0.204209347518198,0.141713080446891,0.203132166961536,0.186701604978709,0.246929625056859,0.219291173530265,0.182645475519098,0.180906436460581,0.227797639763344,0.204956801412625,0.242978857683812,0.209530461284485,0.241377119989837,0.226475279106858,0.245896404164272,0.24387926392804,0.169353321206799,0.177338062348329,0.1998001998002
"Næstved",0.314431313021793,0.292863312459512,0.313306798623064,0.269061897622617,0.250426257459506,0.311931720137515,0.281117607464794,0.262377666413035,0.268449379047917,0.270866385481562,0.260051500395176,0.332980172544271,0.304493779092259,0.336917207550909,0.310052622476962,0.319311569188283,0.295196571273298,0.322174492667753,0.320343013442086,0.304548580410649,0.309718804705767,0.297539530251876,0.320897058645451,0.207383828884227
"Odder",0.264921302789466,0.385227798037906,0.301836598966593,0.187341772151899,0.202347227842979,0.231144163609869,0.163722960904941,0.24514610707982,0.202624469316866,0.177347457220917,0.212937112572754,0.253140821301331,0.274814849317621,0.231889435117336,0.189876348816746,0.257815017724782,0.233388248215266,0.298864315600717,0.192660550458716,0.188306618288706,0.159613279824881,0.171704848402693,0.174645112175899,0.198886237072395
"Odense",0.337317993396015,0.341025473404371,0.298133003160536,0.293121417404898,0.293598570681541,0.278394014528688,0.301593436804198,0.297884854161675,0.298956095231894,0.277528805762232,0.291062080690371,0.309761783541896,0.303087097378779,0.333276271585389,0.312352005278589,0.310948897376269,0.350600541407133,0.340274515943844,0.315457413249211,0.318186693360981,0.30332185537776,0.280944052429488,0.275225240946735,0.214976179650898
"Odsherred",0.261602557891677,0.262879492193761,0.273841744945072,0.310588533578424,0.239513409599445,0.265533722782793,0.25786007207655,0.219617062080485,0.261925305065944,0.237003293422389,0.232139039066557,0.240194588020675,0.257731958762887,0.280720818618129,0.235230254229621,0.248259158340902,0.283148119957376,0.300245098039216,0.258843830888697,0.184422450359624,0.244910454615031,0.243783520234032,0.257396360112649,0.202520932200828
"Randers",0.301835246425345,0.293889501917383,0.255888149656457,0.245049990198,0.268198816000349,0.268459305497959,0.275491092817631,0.250100583930494,0.258701276114698,0.245847248360112,0.258218509276337,0.261181143153169,0.269938914221802,0.293665370979454,0.269578968595111,0.319788918205805,0.274869384586332,0.273612097414261,0.330184257397898,0.277134820381346,0.309917355371901,0.283018867924528,0.317984467681771,0.320561746298275
"Rebild",0.240883486510525,0.198048852050172,0.274936764544155,0.193522474166575,0.298279436906624,0.22463768115942,0.205257472092186,0.182090831191088,0.209815078236131,0.223420100716363,0.130391880462363,0.22915564956813,0.202563475709845,0.170416999965221,0.179930795847751,0.190628032718702,0.165860400829302,0.159108989657916,0.214785560867457,0.256997985691464,0.20444228836758,0.154379223987101,0.190534517369263,0.191102021658229
"Ringkøbing-Skjern",0.150969893794435,0.170505950309694,0.202436215140833,0.176246815342198,0.167299850127218,0.181209924728185,0.130054796420892,0.162447075088568,0.132564345355944,0.14340757122864,0.157390432045384,0.152317651538754,0.156594162995595,0.174753289473684,0.158155196163461,0.152295556049898,0.137769511607081,0.133006287569958,0.165134106276834,0.131364615627135,0.159531573226745,0.14525980503684,0.140296727578829,0.131567406367862
"Ringsted",0.280141108113717,0.340592424398803,0.310024112986566,0.311185582874534,0.315746587899776,0.297830575016076,0.305687124189593,0.206542741022053,0.239123214878778,0.266289696889999,0.278949075575738,0.308741236251367,0.266937841616881,0.345880593294279,0.342149066025522,0.380554873557574,0.380054727880815,0.346876602419087,0.310082186832044,0.27287175027737,0.324665653948113,0.276218741735476,0.286056218803818,0.290082093232385
"Roskilde",0.255663563157103,0.344243409907163,0.307223801759799,0.304089806963255,0.304470420036801,0.297427968711102,0.320396409484771,0.302901408813787,0.293420462553655,0.275940996948118,0.307146183960423,0.28587409110683,0.307342903341274,0.324711539653228,0.338315802423571,0.269686504692057,0.299241598216665,0.294694299770259,0.265696435837901,0.241038245526544,0.251687719050643,0.199519760576287,0.228696201804287,0.191114874917031
"Rudersdal",0.343106674984404,0.337916119564378,0.284677111196026,0.297324083250743,0.262912229228981,0.323513739818832,0.32067094227923,0.256463444530351,0.28012784357962,0.268051285896378,0.27228138229425,0.265481831087185,0.215173437210165,0.224618983088604,0.259667995919503,0.27367570347513,0.246507806080526,0.215998535603148,0.227989859011071,0.207144674201403,0.18939052325896,0.175819444195267,0.153207560614968,0.200039293432639
"Rødovre",0.355029585798817,0.353863004465414,0.348814312638893,0.396216412288289,0.430507721364293,0.39375499077567,0.358305297995131,0.39353939493318,0.417815887927032,0.359979115715424,0.385547477417933,0.413630636059826,0.372475444211456,0.445440460380699,0.358838467483714,0.367068694284216,0.38878545613843,0.406691429655939,0.388209151026746,0.338197699190456,0.339135733778449,0.294721330456292,0.270186012677959,0.259258317871032
"Silkeborg",0.270891373842934,0.300940916536513,0.223877765269855,0.265501133389272,0.256797018162779,0.244507881345414,0.211825268784098,0.19933473560632,0.186438420842363,0.176280129511932,0.212672425059703,0.202633058470765,0.238040212618442,0.206018015130879,0.231776040719869,0.230557972898136,0.212567341108724,0.244044420562422,0.237279788686679,0.219785123782535,0.226626377532883,0.207233324882329,0.195096287690301,0.201034512735808
"Skanderborg",0.270577300423422,0.304878048780488,0.3041485867229,0.194599366047426,0.239670403676267,0.199815855975865,0.246233786377649,0.243972721160311,0.222281328368417,0.156070777157255,0.155242196307453,0.199432805781722,0.213381555153707,0.192705731211191,0.192457094427573,0.232099541036246,0.168061403052827,0.201696317749276,0.179020208627397,0.163297579757976,0.178626110033684,0.16643970343471,0.16556017284482,0.168416233362765
"Skive",0.205262175779063,0.255680646624603,0.183259549057964,0.215951626835589,0.209385392289691,0.203156101865342,0.194270055827079,0.224953475531197,0.217346729546853,0.180790960451977,0.196410850148859,0.190618266202553,0.231673010094324,0.219207544048308,0.240165631469979,0.201508195359079,0.208394114950194,0.153296934061319,0.215685859888774,0.217289420987602,0.222979781737098,0.212268702159137,0.184787279759347,0.190991222987618
"Slagelse",0.314902160311327,0.349358140044663,0.282041546889407,0.326881255656261,0.269255105749943,0.324392434417769,0.288994246750479,0.308436810337951,0.328808366786393,0.29620073194492,0.292708538426199,0.334557430180739,0.34568350465893,0.312431413558491,0.345998424932543,0.343336560180703,0.331861263913639,0.331134393998189,0.33433980846735,0.348287154961792,0.324738333354896,0.296902994625032,0.313340437408028,0.255799817647655
"Solrød",0.227472470661221,0.267242265392127,0.327516503761322,0.284220677054256,0.272507064997981,0.3000300030003,0.258269593722062,0.262831638978428,0.261122333349756,0.221249815625154,0.318794377626431,0.229918091679839,0.273355073853827,0.260128137193506,0.31335872342477,0.325639306579829,0.310055332951727,0.274153904329741,0.236462520690471,0.187450208538357,0.250556792873051,0.19276666054709,0.261886485754278,0.235367261746159
"Sorø",0.257424265035069,0.244164107876142,0.210993892282066,0.273193782995533,0.224314186953004,0.230499048734085,0.243609788023125,0.288413007426635,0.224462892364699,0.287305359486397,0.26468097120271,0.27190964233424,0.265920707280011,0.277587388622344,0.254599769162876,0.274371655036922,0.23729617953151,0.27217364678665,0.29363561868342,0.324243148230315,0.337526848726603,0.264021934129912,0.287210677479304,0.182008156661836
"Stevns",0.226199842643588,0.248126885277805,0.227305701987716,0.294202758753738,0.27658559847401,0.255114092691454,0.26270113055308,0.260562069607296,0.208246563931695,0.249399593571033,0.220426157237326,0.229000641201795,0.256551218618288,0.205554540471405,0.309823218516494,0.2416670466463,0.219629375428964,0.292839167238618,0.265835548629572,0.270332187857961,0.263181776930756,0.242587601078167,0.226747287924595,0.233202798433581
"Struer",0.243817485196796,0.226628895184136,0.245151687606707,0.254051686377573,0.227431770468859,0.170157068062827,0.17501640778823,0.0956688119672987,0.148070725546555,0.196275134121342,0.14943741209564,0.154218990967173,0.199194369439157,0.180839802399435,0.181079409946118,0.146777565271538,0.153222172149617,0.149334781428184,0.146479904788062,0.195049458969953,0.172582676430804,0.144360622147714,0.15458846676348,0.216267042783263
"Svendborg",0.299682893682266,0.362036411508947,0.184935531819282,0.181203189176129,0.248340087953781,0.177806932744096,0.105521727096596,0.20714298044225,0.249376558603491,0.291590195708478,0.231346608630085,0.23587324376987,0.23844398269578,0.247289972899729,0.24499450874377,0.279670497304993,0.294653654216272,0.256186913972434,0.1904075751338,0.229393401059004,0.296613092363937,0.267912344576492,0.278584857289352,0.224879893693141
"Syddjurs",0.286402569593148,0.281638239629396,0.230753094189218,0.228387532116997,0.208478109798471,0.261243725028173,0.271176034178413,0.2210478174704,0.252512499368719,0.217854012770752,0.19404915912031,0.187979223348998,0.236568055995903,0.251931881495119,0.234787239192526,0.277831465017395,0.220443762879187,0.198493363625493,0.210053945672411,0.227713991227019,0.189666762700471,0.181431879491036,0.185621474976797,0.200150701704813
"Sønderborg",0.250536387745039,0.259975735598011,0.21163880310936,0.217824412272546,0.205053578515677,0.20392219176631,0.21861833214087,0.220703873551218,0.256568819651856,0.158717666194449,0.239343962123491,0.181466879030784,0.192645623169541,0.226229636082327,0.205747919732267,0.235481887518152,0.20343076135603,0.260204483927774,0.221834891459357,0.233843537414966,0.198833686963716,0.183309471881397,0.237964733091804,0.184862692565305
"Thisted",0.204572296271301,0.211917750734368,0.18348623853211,0.173163829877096,0.190395599746139,0.15708584529167,0.181205764475143,0.166702286813422,0.139189276001627,0.229707391425689,0.166818319684562,0.154650402962318,0.195261079420799,0.184416781927155,0.155715413632775,0.165573879064839,0.166131354524311,0.171461654938986,0.14383961882501,0.144698168663803,0.174690321702437,0.150030688095292,0.168849541368138,0.192149327477354
"Tønder",0.190453797319539,0.179843512787574,0.185115755928391,0.215749730312837,0.182978324106221,0.205241925971361,0.181869715149511,0.158937255367098,0.222243464130383,0.192836137492166,0.191873315036553,0.152300474096637,0.16116634846644,0.1734089726757,0.179033220608713,0.186351045076807,0.162173119805392,0.197016605685336,0.17577418187458,0.200960434283328,0.186792949223888,0.16357112705783,0.17137734655136,0.203827725864944
"Tårnby",0.346135247257642,0.423772082099459,0.353973221156313,0.356136305406098,0.300223895786688,0.312166895081468,0.316399625382844,0.3795354486109,0.367404854811737,0.34399898823827,0.30822090849376,0.357610557066586,0.344463441617218,0.39984006397441,0.353110856915502,0.326870217665849,0.342843149259214,0.37666156351,0.341576060810161,0.309582777671938,0.298311136166115,0.326644890340644,0.272029760520809,0.322782899472865
"Vallensbæk",0.264878735204039,0.315091210613599,0.308025308025308,0.283782655871797,0.309649343041259,0.207520544533909,0.164433116829729,0.205305083353864,0.218942588387934,0.25843967048942,0.203915171288744,0.220768601798855,0.214079868258543,0.209694330187918,0.381593714927048,0.370238519045924,0.242298373139495,0.350154479917611,0.283841319186322,0.218615435574694,0.236779794790845,0.291847720345029,0.222858962113976,0.214987714987715
"Varde",0.185831852804836,0.223323046938444,0.145893700228972,0.165995263062005,0.199243278055064,0.188728491979039,0.161547666533706,0.167260707672089,0.173590326828684,0.195812020460358,0.191861859461188,0.163957371083518,0.170514955164597,0.149625935162095,0.184249628528975,0.180634403906467,0.220452423983635,0.165361703823242,0.174107946927095,0.216181592537732,0.193527792187064,0.161069021058283,0.218029017680171,0.224647621319656
"Vejen",0.231193755282653,0.21427515885917,0.21081531597784,0.239825759244304,0.21734883266582,0.229352202025131,0.183522157241784,0.233798494922189,0.221201293176791,0.220488466757123,0.169286577992745,0.168467666241486,0.214889451315601,0.221452635050769,0.254631251898054,0.203423120089787,0.2249139001476,0.233726773401893,0.236533957845433,0.187498535167694,0.187789019037112,0.216939979938884,0.177478866003456,0.189057977779852
"Vejle",0.255922099809619,0.219120022220622,0.217613404168369,0.211206108730529,0.246419842856854,0.209337667696581,0.196699050452807,0.157698983387057,0.223936548023045,0.224950884086444,0.221740319618646,0.213720880530028,0.218057463424943,0.222046448686305,0.237051868082052,0.234999953000009,0.252756067078289,0.279575267772007,0.254534761913513,0.227994017436982,0.2163463714459,0.225517482079414,0.21193362945171,0.224285964604871
"Vesthimmerlands",0.20734203461017,0.24260963582184,0.197109067017083,0.211549008853718,0.23959581228189,0.216027693188621,0.190084366211853,0.203437573354894,0.271945192584264,0.191445280742703,0.211087363782686,0.187369698888977,0.216696176105283,0.185489980928495,0.244187556825562,0.217813467695376,0.190154236213818,0.202483082005648,0.234129729154472,0.202780223591878,0.221931067675606,0.241312741312741,0.177014885342631,0.236070499235453
"Viborg",0.258179599117495,0.250046520282843,0.247293065393993,0.215383197807007,0.218403356514742,0.23795904358769,0.184642739095251,0.214018797418186,0.225418150669492,0.223497568481227,0.225368455110397,0.198857673144271,0.231934795689514,0.255201772294861,0.232700946963576,0.227199657057121,0.222464651650303,0.235559961201889,0.221555553199835,0.203204707575726,0.20845396641575,0.242231874373538,0.228033624594463,0.185791108863268
"Vordingborg",0.217405921509738,0.273820124666073,0.264620858350011,0.205483992134161,0.247727322996616,0.275476022566996,0.256776034236805,0.251311188811189,0.260966009177305,0.268444752338067,0.205152568726111,0.267183796595561,0.288265031730666,0.311158798283262,0.380228136882129,0.345430600833351,0.307559021009313,0.32093266963584,0.290333223358627,0.28921514515951,0.226518000483825,0.231410732218487,0.208527923192215,0.180094169722481
"Ærø",0.209205020920502,0.285565939771547,0.131475151196424,0.106624017059843,0.213875150380965,0.135116876097825,0.0956937799043062,0.166666666666667,0.170019835647492,0.114236755676139,0.100879089205937,0.116397497453805,0.132469826317339,0.178784266984505,0.119438638399522,0.179667614912412,0.090049527239982,0.150693188667872,0.183851692967673,0.1407789770061,0.111536010197578,0.158982511923688,0.080945442771572,0.14567821301392
"Aabenraa",0.225003750062501,0.266466816554251,0.21345600158851,0.205652116226615,0.199371978268454,0.217912036728991,0.213244481466056,0.209769253820797,0.224940015995734,0.183107500749076,0.232747585243803,0.198419315036516,0.216507894210912,0.227616341856485,0.233474632401643,0.2350861982727,0.227443766201187,0.214765100671141,0.273611674098095,0.249279294556554,0.220698085019693,0.188554247566631,0.208463976407979,0.221699470290579
"Aalborg",0.349757262022906,0.351219408203292,0.344123651210265,0.321056200728999,0.31335041876932,0.311912854398446,0.284991665834126,0.284217303233168,0.291650333202666,0.29762524195059,0.269816431248798,0.26921029923164,0.270410870001906,0.303364165107997,0.301591506531086,0.301885263339175,0.281643472498343,0.280896083363992,0.291474971491487,0.285215904066392,0.259859002430163,0.241065824758934,0.275081745990554,0.268779441650512
"Aarhus",0.494455396303117,0.423936316615372,0.000393395783877525,0.394843639792016,0.339827900434655,0.35071582539337,0.346044902116734,0.302939027894626,0.334068077100028,0.320943068379272,0.303437146131261,0.335349037098199,0.341358003849141,0.325586692481359,0.338710849982486,0.323821946844937,0.301007216455061,0.266416569966142,0.320281797840135,0.301025338614913,0.31203447705106,0.278551532033426,0.270194587767067,0.310497883503074
